{"avg":2728.2518900878,"max":3000000,"min":0.0099999997764826,"histogram":[48952,154,43,14,7,7,4,4,0,4,4,2,0,3,0,1,0,0,0,2,0,1,0,2,0,1,0,0,0,0,0,0,0,0,0,0,0,0,1,1]}